<Ui xmlns="http://www.blizzard.com/wow/ui/" xmlns:xsi="http://www.w3.org/2001/XMLSchema-instance" xsi:schemaLocation="http://www.blizzard.com/wow/ui/..\..\FrameXML\UI.xsd">
	<!-- 
			@Author: Moth <milaninavid@gmail.com>
			Title: NAT
			Version: 1.02
			Description: Does relevant assignments for raids.
			
	//-->
	 <Script File="NAT_controller.lua" />
	 <Frame name="NAT" enableMouse="true" movable="true" frameStrata="MEDIUM">
			 <Size>
			   <AbsDimension x="500" y="450" />
			 </Size>
			 <Anchors>
			   <Anchor point="CENTER" />
			 </Anchors>

			<Scripts>
				<OnLoad>
					NAT_init();
					NAT:Hide();
				</OnLoad>
				<OnEvent>
					NAT_handle_events(event);
				</OnEvent>
				<OnUpdate>
					NAT_update(arg1);
				</OnUpdate>
				
				<OnDragStart>NAT:StartMoving();</OnDragStart>
				<OnDragStop>NAT:StopMovingOrSizing();</OnDragStop>
			</Scripts>
			
			 <Backdrop bgFile="Interface\DialogFrame\UI-DialogBox-Background"
				   edgeFile="Interface\DialogFrame\UI-DialogBox-Border" tile="true">
			   <BackgroundInsets>
				 <AbsInset left="11" right="12" top="12" bottom="11"/>
			   </BackgroundInsets>
			   <TileSize>
				 <AbsValue val="32"/>
			   </TileSize>
			   <EdgeSize>
				 <AbsValue val="32"/>
			   </EdgeSize>
			  
			 </Backdrop>

			 <Layers>
				<Layer level="ARTWORK">
					 <Texture name="TPCFrameTitle" file="Interface\AddOns\NetworkedAssignmentTool\resources\images\head.tga">
						<Size>
							<AbsDimension x="480" y="20" />
						</Size>
						<Anchors>
							<Anchor point="TOP">
								<Offset>
									<AbsDimension x="0" y="-10" />
								</Offset>
							</Anchor>
						</Anchors>
					</Texture>
					
					<FontString inherits="GameFontNormal" name="NATMasterLabel" text="Master: None">
						<Anchors>
							<Anchor point="TOP">
								<Offset>
									<AbsDimension x="0" y="-10" />
								</Offset>
							</Anchor>
						</Anchors>
					</FontString>
				</Layer>
				
				<Layer level="OVERLAY">
					
				</Layer>
				
				<Layer>
				</Layer>
			</Layers>

			<!-- BUTTONS N SHIT //-->
			 <Frames>
				<!--NAT TANK VIEW//-->
				<Frame name='NAT_tank_body' frameStrata="MEDIUM">
					<Size><AbsDimension x="504" y="438"/></Size>
					<Anchors>
							<Anchor point="TOPLEFT">
								<Offset>
									<AbsDimension x="-2" y="-14"/>
								</Offset>
							</Anchor>
						</Anchors>
					<Backdrop bgFile="Interface\AddOns\NetworkedAssignmentTool\resources\images\tank_bg.tga">
					   <BackgroundInsets>
							<AbsInset left="11" right="12" top="12" bottom="11"/>
					   </BackgroundInsets>
					</Backdrop>
					 <Layers>
						<Layer level="OVERLAY">
							<FontString inherits="GameFontNormal" name="NATTankPostLabel" text=": raid">
								<Anchors>
									<Anchor point="BOTTOMRIGHT">
										<Offset>
											<AbsDimension x="-20" y="30" />
										</Offset>
									</Anchor>
								</Anchors>
							</FontString>
						
							<!-- Setup texture //-->
							<Texture name="tank_shield_texture" file="Interface\AddOns\NetworkedAssignmentTool\resources\images\tank_art.tga">
								<Size><AbsDimension x="256" y="256"/></Size>
								<Anchors>
									<Anchor point="CENTER">
										<Offset>
										<AbsDimension x="0" y="0"/>
										</Offset>
									</Anchor>
								</Anchors>
							</Texture>
						</Layer>
					</Layers>
					<Frames>
						<!--Tank assignment marks//-->
							<!-- Skull //-->
						<Frame name='mark1' enableMouse="true" frameStrata="HIGH">
							<Size><AbsDimension x="30" y="30"/></Size>
							<Scripts>
								<OnEnter>
									NAT_show_listmenu(mark1, "skull");
								</OnEnter>
							</Scripts>
							<Anchors>
								<Anchor point="TOPLEFT">
									<Offset>
										<AbsDimension x="15" y="-35"/>
									</Offset>
								</Anchor>
							</Anchors>
							 <Layers>
								<Layer level="ARTWORK">
									<!-- Setup texture //-->
									<Texture name="skullTexture" file="Interface\TargetingFrame\UI-RaidTargetingIcons">
										<Size><AbsDimension x="30" y="30"/></Size>
										<Anchors>
											<Anchor point="CENTER">
												<Offset>
												<AbsDimension x="0" y="0"/>
												</Offset>
											</Anchor>
										</Anchors>
										<TexCoords left="0.75" right="1" top="0.25" bottom="0.5"/>
									</Texture>
								</Layer>
							</Layers>
						</Frame>
						
							<!-- X //-->
						<Frame name='mark2' enableMouse="true" frameStrata="HIGH">
							<Size><AbsDimension x="30" y="30"/></Size>
							<Scripts><OnEnter>NAT_show_listmenu(mark2, "x");</OnEnter></Scripts>
							<Anchors>
								<Anchor point="TOPLEFT">
									<Offset>
										<AbsDimension x="15" y="-75"/>
									</Offset>
								</Anchor>
							</Anchors>
							 <Layers>
								<Layer level="ARTWORK">
									<!-- Setup texture //-->
									<Texture name="skullTexture" file="Interface\TargetingFrame\UI-RaidTargetingIcons">
										<Size><AbsDimension x="30" y="30"/></Size>
										<Anchors>
											<Anchor point="CENTER">
												<Offset>
												<AbsDimension x="0" y="0"/>
												</Offset>
											</Anchor>
										</Anchors>
										<TexCoords left="0.5" right="0.75" top="0.25" bottom="0.5"/>
									</Texture>
								</Layer>
							</Layers>
						</Frame>
						
							<!-- [  ] //-->
						<Frame name='mark3' enableMouse="true" frameStrata="HIGH">
							<Size><AbsDimension x="30" y="30"/></Size>
							<Scripts><OnEnter>NAT_show_listmenu(mark3, "square");</OnEnter></Scripts>
							<Anchors>
								<Anchor point="TOPLEFT">
									<Offset>
										<AbsDimension x="15" y="-115"/>
									</Offset>
								</Anchor>
							</Anchors>
							 <Layers>
								<Layer level="ARTWORK">
									<!-- Setup texture //-->
									<Texture name="skullTexture" file="Interface\TargetingFrame\UI-RaidTargetingIcons">
										<Size><AbsDimension x="30" y="30"/></Size>
										<Anchors>
											<Anchor point="CENTER">
												<Offset>
												<AbsDimension x="0" y="0"/>
												</Offset>
											</Anchor>
										</Anchors>
										<TexCoords left="0.25" right="0.5" top="0.25" bottom="0.5"/>
									</Texture>
								</Layer>
							</Layers>
						</Frame>
						
							<!-- moon //-->
						<Frame name='mark4' enableMouse="true" frameStrata="HIGH">
							<Size><AbsDimension x="30" y="30"/></Size>
							<Scripts><OnEnter>NAT_show_listmenu(mark4, "moon");</OnEnter></Scripts>
							<Anchors>
								<Anchor point="TOPLEFT">
									<Offset>
										<AbsDimension x="15" y="-155"/>
									</Offset>
								</Anchor>
							</Anchors>
							 <Layers>
								<Layer level="ARTWORK">
									<!-- Setup texture //-->
									<Texture name="skullTexture" file="Interface\TargetingFrame\UI-RaidTargetingIcons">
										<Size><AbsDimension x="30" y="30"/></Size>
										<Anchors>
											<Anchor point="CENTER">
												<Offset>
												<AbsDimension x="0" y="0"/>
												</Offset>
											</Anchor>
										</Anchors>
										<TexCoords left="0" right="0.25" top="0.25" bottom="0.5"/>
									</Texture>
								</Layer>
							</Layers>
						</Frame>
						
							<!-- triangle //-->
						<Frame name='mark5' enableMouse="true" frameStrata="HIGH">
							<Size><AbsDimension x="30" y="30"/></Size>
							<Scripts><OnEnter>NAT_show_listmenu(mark5, "triangle");</OnEnter></Scripts>
							<Anchors>
								<Anchor point="TOPLEFT">
									<Offset>
										<AbsDimension x="15" y="-195"/>
									</Offset>
								</Anchor>
							</Anchors>
							 <Layers>
								<Layer level="ARTWORK">
									<!-- Setup texture //-->
									<Texture name="skullTexture" file="Interface\TargetingFrame\UI-RaidTargetingIcons">
										<Size><AbsDimension x="30" y="30"/></Size>
										<Anchors>
											<Anchor point="CENTER">
												<Offset>
												<AbsDimension x="0" y="0"/>
												</Offset>
											</Anchor>
										</Anchors>
										<TexCoords left="0.75" right="1" top="0" bottom="0.25"/>
									</Texture>
								</Layer>
							</Layers>
						</Frame>
						
							<!-- diamond //-->
						<Frame name='mark6' enableMouse="true" frameStrata="HIGH">
							<Size><AbsDimension x="30" y="30"/></Size>
							<Scripts><OnEnter>NAT_show_listmenu(mark6, "diamond");</OnEnter></Scripts>
							<Anchors>
								<Anchor point="TOPLEFT">
									<Offset>
										<AbsDimension x="15" y="-235"/>
									</Offset>
								</Anchor>
							</Anchors>
							 <Layers>
								<Layer level="ARTWORK">
									<!-- Setup texture //-->
									<Texture name="skullTexture" file="Interface\TargetingFrame\UI-RaidTargetingIcons">
										<Size><AbsDimension x="30" y="30"/></Size>
										<Anchors>
											<Anchor point="CENTER">
												<Offset>
													<AbsDimension x="0" y="0"/>
												</Offset>
											</Anchor>
										</Anchors>
										<TexCoords left="0.5" right="0.75" top="0" bottom="0.25"/>
									</Texture>
								</Layer>
							</Layers>
						</Frame>
						
							<!-- circle //-->
						<Frame name='mark7' enableMouse="true" frameStrata="HIGH">
							<Size><AbsDimension x="30" y="30"/></Size>
							<Scripts><OnEnter>NAT_show_listmenu(mark7, "circle");</OnEnter></Scripts>
							<Anchors>
								<Anchor point="TOPLEFT">
									<Offset>
										<AbsDimension x="15" y="-275"/>
									</Offset>
								</Anchor>
							</Anchors>
							 <Layers>
								<Layer level="ARTWORK">
									<!-- Setup texture //-->
									<Texture name="skullTexture" file="Interface\TargetingFrame\UI-RaidTargetingIcons">
										<Size><AbsDimension x="30" y="30"/></Size>
										<Anchors>
											<Anchor point="CENTER">
												<Offset>
												<AbsDimension x="0" y="0"/>
												</Offset>
											</Anchor>
										</Anchors>
										<TexCoords left="0.25" right="0.5" top="0" bottom="0.25"/>
									</Texture>
								</Layer>
							</Layers>
						</Frame>
						
						<!-- star //-->
						<Frame name='mark8' enableMouse="true" frameStrata="HIGH">
							<Size><AbsDimension x="30" y="30"/></Size>
							<Scripts><OnEnter>NAT_show_listmenu(mark8, "star");</OnEnter></Scripts>
							<Anchors>
								<Anchor point="TOPLEFT">
									<Offset>
										<AbsDimension x="15" y="-315"/>
									</Offset>
								</Anchor>
							</Anchors>
							 <Layers>
								<Layer level="ARTWORK">
									<!-- Setup texture //-->
									<Texture name="skullTexture" file="Interface\TargetingFrame\UI-RaidTargetingIcons">
										<Size><AbsDimension x="30" y="30"/></Size>
										<Anchors>
											<Anchor point="CENTER">
												<Offset>
												<AbsDimension x="0" y="0"/>
												</Offset>
											</Anchor>
										</Anchors>
										<TexCoords left="0" right="0.25" top="0" bottom="0.25"/>
									</Texture>
								</Layer>
							</Layers>
						</Frame>
						
						<!-- MT //-->
						<Frame name='mark9' enableMouse="true" frameStrata="HIGH">
							<Size><AbsDimension x="60" y="30"/></Size>
							<Scripts><OnEnter>NAT_show_listmenu(mark9, mt_label:GetText());</OnEnter></Scripts>
							<Anchors>
								<Anchor point="TOPLEFT">
									<Offset>
										<AbsDimension x="0" y="-355"/>
									</Offset>
								</Anchor>
							</Anchors>
							 <Layers>
								<Layer level="ARTWORK">
									<!-- Setup label //-->
									<FontString name='mt_label' inherits="GameFontNormal" text="MT">
										<Size><AbsDimension x="80" y="30"/></Size>
										<FontHeight><AbsValue val="30" /></FontHeight>
										<Anchors>
											<Anchor point="CENTER">
												<Offset>
												<AbsDimension x="0" y="0"/>
												</Offset>
											</Anchor>
										</Anchors>
										<TexCoords left="0" right="0.25" top="0" bottom="0.25"/>
									</FontString>
								</Layer>
							</Layers>
						</Frame>
						<!--Tank assignment marks //-->
						<!--TANK POST LOCATION //-->
					<EditBox inherits="InputBoxTemplate" name="NATTankPostChannelEdit" frameStrata="HIGH">
						<Size><AbsDimension x="18" y="28"/></Size>
						<Anchors>
							<Anchor relativeTo="NAT" point="BOTTOMRIGHT">
								<Offset>
									<AbsDimension x="-75" y="20" />
								</Offset>
							</Anchor>
						</Anchors>
						<Scripts>
							<OnLoad>
								NATTankPostChannelEdit:SetText("r"); 
								NATTankPostChannelEdit:SetMaxLetters(1);
								NATTankPostChannelEdit:SetAutoFocus(false);
							</OnLoad>
							<OnEnter>NAT_on_post_enter(NATTankPostChannelEdit);</OnEnter>
							<OnTextChanged>NAT_on_post_text_changed(NATTankPostChannelEdit);</OnTextChanged>
							<OnLeave>NAT_on_post_exit(NATTankPostChannelEdit);</OnLeave>
						</Scripts>
					</EditBox>
					<!--TANK POST LOCATION //-->
					</Frames>
				</Frame>
				
				<!--NAT HEALER VIEW//-->
				<Frame name='NAT_healer_body' frameStrata="MEDIUM" hidden="true">
					<Size><AbsDimension x="504" y="438"/></Size>
					<Anchors>
							<Anchor point="TOPLEFT">
								<Offset>
									<AbsDimension x="-2" y="-14"/>
								</Offset>
							</Anchor>
						</Anchors>
					<Backdrop bgFile="Interface\AddOns\NetworkedAssignmentTool\resources\images\healer_bg.tga">
					   <BackgroundInsets>
							<AbsInset left="11" right="12" top="12" bottom="11"/>
					   </BackgroundInsets>
					</Backdrop>
					 <Layers>
						<Layer level="OVERLAY">
							<FontString inherits="GameFontNormal" name="NATHealPostLabel" text=": to raid">
								<Anchors>
									<Anchor point="BOTTOMRIGHT">
										<Offset>
											<AbsDimension x="-20" y="30" />
										</Offset>
									</Anchor>
								</Anchors>
							</FontString>
						
							<!-- Setup texture //-->
							<Texture name="tank_shield_texture" file="Interface\AddOns\NetworkedAssignmentTool\resources\images\healer_art.tga">
								<Size><AbsDimension x="256" y="256"/></Size>
								<Anchors>
									<Anchor point="CENTER">
										<Offset>
										<AbsDimension x="0" y="0"/>
										</Offset>
									</Anchor>
								</Anchors>
							</Texture>
						</Layer>
					</Layers>
					<Frames>
					<!-- healer assignment marks //-->
					<Frame name='tank1' enableMouse="true">
						<Size><AbsDimension x="80" y="30"/></Size>
						<Scripts><OnEnter>NAT_show_listmenu(tank1, tank1_label:GetText());</OnEnter></Scripts>
						<Anchors>
							<Anchor point="TOPLEFT">
								<Offset>
									<AbsDimension x="15" y="-35"/>
								</Offset>
							</Anchor>
						</Anchors>
						 <Layers>
							<Layer level="ARTWORK">
								<!-- Setup label //-->
								<FontString name='tank1_label' inherits="GameFontNormal" text="Raid">
									<Size><AbsDimension x="80" y="30"/></Size>
									<Anchors>
										<Anchor point="CENTER">
											<Offset>
											<AbsDimension x="0" y="0"/>
											</Offset>
										</Anchor>
									</Anchors>
									<TexCoords left="0" right="0.25" top="0" bottom="0.25"/>
								</FontString>
							</Layer>
						</Layers>
					</Frame>
					
					<Frame name='tank2' enableMouse="true">
						<Size><AbsDimension x="80" y="30"/></Size>
						<Scripts><OnEnter>NAT_show_listmenu(tank2, tank2_label:GetText());</OnEnter></Scripts>
						<Anchors>
							<Anchor point="TOPLEFT">
								<Offset>
									<AbsDimension x="15" y="-75"/>
								</Offset>
							</Anchor>
						</Anchors>
						 <Layers>
							<Layer level="ARTWORK">
								<!-- Setup label //-->
								<FontString name='tank2_label' inherits="GameFontNormal" text="">
									<Size><AbsDimension x="80" y="30"/></Size>
									<Anchors>
										<Anchor point="CENTER">
											<Offset>
											<AbsDimension x="0" y="0"/>
											</Offset>
										</Anchor>
									</Anchors>
									<TexCoords left="0" right="0.25" top="0" bottom="0.25"/>
								</FontString>
							</Layer>
						</Layers>
					</Frame>
					
					<Frame name='tank3' enableMouse="true">
						<Size><AbsDimension x="80" y="30"/></Size>
						<Scripts><OnEnter>NAT_show_listmenu(tank3, tank3_label:GetText());</OnEnter></Scripts>
						<Anchors>
							<Anchor point="TOPLEFT">
								<Offset>
									<AbsDimension x="15" y="-115"/>
								</Offset>
							</Anchor>
						</Anchors>
						 <Layers>
							<Layer level="ARTWORK">
								<!-- Setup label //-->
								<FontString name='tank3_label' inherits="GameFontNormal" text="">
									<Size><AbsDimension x="80" y="30"/></Size>
									<Anchors>
										<Anchor point="CENTER">
											<Offset>
											<AbsDimension x="0" y="0"/>
											</Offset>
										</Anchor>
									</Anchors>
									<TexCoords left="0" right="0.25" top="0" bottom="0.25"/>
								</FontString>
							</Layer>
						</Layers>
					</Frame>
					
					<Frame name='tank4' enableMouse="true">
						<Size><AbsDimension x="80" y="30"/></Size>
						<Scripts><OnEnter>NAT_show_listmenu(tank4, tank4_label:GetText());</OnEnter></Scripts>
						<Anchors>
							<Anchor point="TOPLEFT">
								<Offset>
									<AbsDimension x="15" y="-155"/>
								</Offset>
							</Anchor>
						</Anchors>
						 <Layers>
							<Layer level="ARTWORK">
								<!-- Setup label //-->
								<FontString name='tank4_label' inherits="GameFontNormal" text="">
									<Size><AbsDimension x="80" y="30"/></Size>
									<Anchors>
										<Anchor point="CENTER">
											<Offset>
											<AbsDimension x="0" y="0"/>
											</Offset>
										</Anchor>
									</Anchors>
									<TexCoords left="0" right="0.25" top="0" bottom="0.25"/>
								</FontString>
							</Layer>
						</Layers>
					</Frame>
					
					<Frame name='tank5' enableMouse="true">
						<Size><AbsDimension x="80" y="30"/></Size>
						<Scripts><OnEnter>NAT_show_listmenu(tank5, tank5_label:GetText());</OnEnter></Scripts>
						<Anchors>
							<Anchor point="TOPLEFT">
								<Offset>
									<AbsDimension x="15" y="-195"/>
								</Offset>
							</Anchor>
						</Anchors>
						 <Layers>
							<Layer level="ARTWORK">
								<!-- Setup label //-->
								<FontString name='tank5_label' inherits="GameFontNormal" text="">
									<Size><AbsDimension x="80" y="30"/></Size>
									<Anchors>
										<Anchor point="CENTER">
											<Offset>
											<AbsDimension x="0" y="0"/>
											</Offset>
										</Anchor>
									</Anchors>
									<TexCoords left="0" right="0.25" top="0" bottom="0.25"/>
								</FontString>
							</Layer>
						</Layers>
					</Frame>
					
					<Frame name='tank6' enableMouse="true">
						<Size><AbsDimension x="80" y="30"/></Size>
						<Scripts><OnEnter>NAT_show_listmenu(tank6, tank6_label:GetText());</OnEnter></Scripts>
						<Anchors>
							<Anchor point="TOPLEFT">
								<Offset>
									<AbsDimension x="15" y="-235"/>
								</Offset>
							</Anchor>
						</Anchors>
						 <Layers>
							<Layer level="ARTWORK">
								<!-- Setup label //-->
								<FontString name='tank6_label' inherits="GameFontNormal" text="">
									<Size><AbsDimension x="80" y="30"/></Size>
									<Anchors>
										<Anchor point="CENTER">
											<Offset>
											<AbsDimension x="0" y="0"/>
											</Offset>
										</Anchor>
									</Anchors>
									<TexCoords left="0" right="0.25" top="0" bottom="0.25"/>
								</FontString>
							</Layer>
						</Layers>
					</Frame>
					
					<Frame name='tank7' enableMouse="true">
						<Size><AbsDimension x="80" y="30"/></Size>
						<Scripts><OnEnter>NAT_show_listmenu(tank7, tank7_label:GetText());</OnEnter></Scripts>
						<Anchors>
							<Anchor point="TOPLEFT">
								<Offset>
									<AbsDimension x="15" y="-275"/>
								</Offset>
							</Anchor>
						</Anchors>
						 <Layers>
							<Layer level="ARTWORK">
								<!-- Setup label //-->
								<FontString name='tank7_label' inherits="GameFontNormal" text="">
									<Size><AbsDimension x="80" y="30"/></Size>
									<Anchors>
										<Anchor point="CENTER">
											<Offset>
											<AbsDimension x="0" y="0"/>
											</Offset>
										</Anchor>
									</Anchors>
									<TexCoords left="0" right="0.25" top="0" bottom="0.25"/>
								</FontString>
							</Layer>
						</Layers>
					</Frame>
					
					<Frame name='tank8' enableMouse="true">
						<Size><AbsDimension x="80" y="30"/></Size>
						<Scripts><OnEnter>NAT_show_listmenu(tank8, tank8_label:GetText());</OnEnter></Scripts>
						<Anchors>
							<Anchor point="TOPLEFT">
								<Offset>
									<AbsDimension x="15" y="-315"/>
								</Offset>
							</Anchor>
						</Anchors>
						 <Layers>
							<Layer level="ARTWORK">
								<!-- Setup label //-->
								<FontString name='tank8_label' inherits="GameFontNormal" text="">
									<Size><AbsDimension x="80" y="30"/></Size>
									<Anchors>
										<Anchor point="CENTER">
											<Offset>
											<AbsDimension x="0" y="0"/>
											</Offset>
										</Anchor>
									</Anchors>
									<TexCoords left="0" right="0.25" top="0" bottom="0.25"/>
								</FontString>
							</Layer>
						</Layers>
					</Frame>
					
					<Frame name='tank9' enableMouse="true">
						<Size><AbsDimension x="80" y="30"/></Size>
						<Scripts><OnEnter>NAT_show_listmenu(tank9, tank9_label:GetText());</OnEnter></Scripts>
						<Anchors>
							<Anchor point="TOPLEFT">
								<Offset>
									<AbsDimension x="15" y="-355"/>
								</Offset>
							</Anchor>
						</Anchors>
						 <Layers>
							<Layer level="ARTWORK">
								<!-- Setup label //-->
								<FontString name='tank9_label' inherits="GameFontNormal" text="">
									<Size><AbsDimension x="80" y="30"/></Size>
									<Anchors>
										<Anchor point="CENTER">
											<Offset>
											<AbsDimension x="0" y="0"/>
											</Offset>
										</Anchor>
									</Anchors>
									<TexCoords left="0" right="0.25" top="0" bottom="0.25"/>
								</FontString>
							</Layer>
						</Layers>
					</Frame>
					<!-- healer assignment marks //-->
					
							<!--HEAL POST LOCATION //-->
					<EditBox inherits="InputBoxTemplate" name="NATHealerPostChannelEdit" frameStrata="HIGH">
						<Size><AbsDimension x="18" y="28"/></Size>
						<Anchors>
							<Anchor relativeTo="NAT" point="BOTTOMRIGHT">
								<Offset>
									<AbsDimension x="-75" y="20" />
								</Offset>
							</Anchor>
						</Anchors>
						<Scripts>
							<OnLoad>
								NATHealerPostChannelEdit:SetText("r"); 
								NATHealerPostChannelEdit:SetMaxLetters(1);
								NATHealerPostChannelEdit:SetAutoFocus(false);
							</OnLoad>
							<OnEnter>NAT_on_post_enter(NATHealerPostChannelEdit);</OnEnter>
							<OnTextChanged>NAT_on_post_text_changed(NATHealerPostChannelEdit);</OnTextChanged>
							<OnLeave>NAT_on_post_exit(NATHealerPostChannelEdit);</OnLeave>
						</Scripts>
					</EditBox>
					<!--HEAL POST LOCATION //-->
				</Frames>
			</Frame>
			 
				<!--NAT INTERRUPT VIEW//-->
				<Frame name='NAT_interrupt_body' frameStrata="MEDIUM" hidden="true">
					<Size><AbsDimension x="504" y="438"/></Size>
					<Anchors>
							<Anchor point="TOPLEFT">
								<Offset>
									<AbsDimension x="-2" y="-14"/>
								</Offset>
							</Anchor>
						</Anchors>
					<Backdrop bgFile="Interface\AddOns\NetworkedAssignmentTool\resources\images\interrupt_bg.tga">
					   <BackgroundInsets>
							<AbsInset left="11" right="12" top="12" bottom="11"/>
					   </BackgroundInsets>
					</Backdrop>
					 <Layers>
						<Layer level="OVERLAY">
							<FontString inherits="GameFontNormal" name="NATInterruptPostLabel" text=": to raid">
								<Anchors>
									<Anchor point="BOTTOMRIGHT">
										<Offset>
											<AbsDimension x="-20" y="30" />
										</Offset>
									</Anchor>
								</Anchors>
							</FontString>
						
							<!-- Setup texture //-->
							<Texture  file="Interface\AddOns\NetworkedAssignmentTool\resources\images\interrupt_art.tga">
								<Size><AbsDimension x="256" y="256"/></Size>
								<Anchors>
									<Anchor point="CENTER">
										<Offset>
										<AbsDimension x="0" y="0"/>
										</Offset>
									</Anchor>
								</Anchors>
							</Texture>
						</Layer>
					</Layers>
					<Frames>
						<!--Tank assignment marks//-->
							<!-- Skull //-->
						<Frame name='imark1' enableMouse="true" frameStrata="HIGH">
							<Size><AbsDimension x="30" y="30"/></Size>
							<Scripts>
								<OnEnter>
									NAT_show_listmenu(imark1, "skull");
								</OnEnter>
							</Scripts>
							<Anchors>
								<Anchor point="TOPLEFT">
									<Offset>
										<AbsDimension x="15" y="-35"/>
									</Offset>
								</Anchor>
							</Anchors>
							 <Layers>
								<Layer level="ARTWORK">
									<!-- Setup texture //-->
									<Texture name="skullTexture" file="Interface\TargetingFrame\UI-RaidTargetingIcons">
										<Size><AbsDimension x="30" y="30"/></Size>
										<Anchors>
											<Anchor point="CENTER">
												<Offset>
												<AbsDimension x="0" y="0"/>
												</Offset>
											</Anchor>
										</Anchors>
										<TexCoords left="0.75" right="1" top="0.25" bottom="0.5"/>
									</Texture>
								</Layer>
							</Layers>
						</Frame>
						
							<!-- X //-->
						<Frame name='imark2' enableMouse="true" frameStrata="HIGH">
							<Size><AbsDimension x="30" y="30"/></Size>
							<Scripts><OnEnter>NAT_show_listmenu(imark2, "x");</OnEnter></Scripts>
							<Anchors>
								<Anchor point="TOPLEFT">
									<Offset>
										<AbsDimension x="15" y="-75"/>
									</Offset>
								</Anchor>
							</Anchors>
							 <Layers>
								<Layer level="ARTWORK">
									<!-- Setup texture //-->
									<Texture name="skullTexture" file="Interface\TargetingFrame\UI-RaidTargetingIcons">
										<Size><AbsDimension x="30" y="30"/></Size>
										<Anchors>
											<Anchor point="CENTER">
												<Offset>
												<AbsDimension x="0" y="0"/>
												</Offset>
											</Anchor>
										</Anchors>
										<TexCoords left="0.5" right="0.75" top="0.25" bottom="0.5"/>
									</Texture>
								</Layer>
							</Layers>
						</Frame>
						
							<!-- [  ] //-->
						<Frame name='imark3' enableMouse="true" frameStrata="HIGH">
							<Size><AbsDimension x="30" y="30"/></Size>
							<Scripts><OnEnter>NAT_show_listmenu(imark3, "square");</OnEnter></Scripts>
							<Anchors>
								<Anchor point="TOPLEFT">
									<Offset>
										<AbsDimension x="15" y="-115"/>
									</Offset>
								</Anchor>
							</Anchors>
							 <Layers>
								<Layer level="ARTWORK">
									<!-- Setup texture //-->
									<Texture name="skullTexture" file="Interface\TargetingFrame\UI-RaidTargetingIcons">
										<Size><AbsDimension x="30" y="30"/></Size>
										<Anchors>
											<Anchor point="CENTER">
												<Offset>
												<AbsDimension x="0" y="0"/>
												</Offset>
											</Anchor>
										</Anchors>
										<TexCoords left="0.25" right="0.5" top="0.25" bottom="0.5"/>
									</Texture>
								</Layer>
							</Layers>
						</Frame>
						
							<!-- moon //-->
						<Frame name='imark4' enableMouse="true" frameStrata="HIGH">
							<Size><AbsDimension x="30" y="30"/></Size>
							<Scripts><OnEnter>NAT_show_listmenu(imark4, "moon");</OnEnter></Scripts>
							<Anchors>
								<Anchor point="TOPLEFT">
									<Offset>
										<AbsDimension x="15" y="-155"/>
									</Offset>
								</Anchor>
							</Anchors>
							 <Layers>
								<Layer level="ARTWORK">
									<!-- Setup texture //-->
									<Texture name="skullTexture" file="Interface\TargetingFrame\UI-RaidTargetingIcons">
										<Size><AbsDimension x="30" y="30"/></Size>
										<Anchors>
											<Anchor point="CENTER">
												<Offset>
												<AbsDimension x="0" y="0"/>
												</Offset>
											</Anchor>
										</Anchors>
										<TexCoords left="0" right="0.25" top="0.25" bottom="0.5"/>
									</Texture>
								</Layer>
							</Layers>
						</Frame>
						
							<!-- triangle //-->
						<Frame name='imark5' enableMouse="true" frameStrata="HIGH">
							<Size><AbsDimension x="30" y="30"/></Size>
							<Scripts><OnEnter>NAT_show_listmenu(imark5, "triangle");</OnEnter></Scripts>
							<Anchors>
								<Anchor point="TOPLEFT">
									<Offset>
										<AbsDimension x="15" y="-195"/>
									</Offset>
								</Anchor>
							</Anchors>
							 <Layers>
								<Layer level="ARTWORK">
									<!-- Setup texture //-->
									<Texture name="skullTexture" file="Interface\TargetingFrame\UI-RaidTargetingIcons">
										<Size><AbsDimension x="30" y="30"/></Size>
										<Anchors>
											<Anchor point="CENTER">
												<Offset>
												<AbsDimension x="0" y="0"/>
												</Offset>
											</Anchor>
										</Anchors>
										<TexCoords left="0.75" right="1" top="0" bottom="0.25"/>
									</Texture>
								</Layer>
							</Layers>
						</Frame>
						
							<!-- diamond //-->
						<Frame name='imark6' enableMouse="true" frameStrata="HIGH">
							<Size><AbsDimension x="30" y="30"/></Size>
							<Scripts><OnEnter>NAT_show_listmenu(imark6, "diamond");</OnEnter></Scripts>
							<Anchors>
								<Anchor point="TOPLEFT">
									<Offset>
										<AbsDimension x="15" y="-235"/>
									</Offset>
								</Anchor>
							</Anchors>
							 <Layers>
								<Layer level="ARTWORK">
									<!-- Setup texture //-->
									<Texture name="skullTexture" file="Interface\TargetingFrame\UI-RaidTargetingIcons">
										<Size><AbsDimension x="30" y="30"/></Size>
										<Anchors>
											<Anchor point="CENTER">
												<Offset>
													<AbsDimension x="0" y="0"/>
												</Offset>
											</Anchor>
										</Anchors>
										<TexCoords left="0.5" right="0.75" top="0" bottom="0.25"/>
									</Texture>
								</Layer>
							</Layers>
						</Frame>
						
							<!-- circle //-->
						<Frame name='imark7' enableMouse="true" frameStrata="HIGH">
							<Size><AbsDimension x="30" y="30"/></Size>
							<Scripts><OnEnter>NAT_show_listmenu(imark7, "circle");</OnEnter></Scripts>
							<Anchors>
								<Anchor point="TOPLEFT">
									<Offset>
										<AbsDimension x="15" y="-275"/>
									</Offset>
								</Anchor>
							</Anchors>
							 <Layers>
								<Layer level="ARTWORK">
									<!-- Setup texture //-->
									<Texture name="skullTexture" file="Interface\TargetingFrame\UI-RaidTargetingIcons">
										<Size><AbsDimension x="30" y="30"/></Size>
										<Anchors>
											<Anchor point="CENTER">
												<Offset>
												<AbsDimension x="0" y="0"/>
												</Offset>
											</Anchor>
										</Anchors>
										<TexCoords left="0.25" right="0.5" top="0" bottom="0.25"/>
									</Texture>
								</Layer>
							</Layers>
						</Frame>
						
						<!-- star //-->
						<Frame name='imark8' enableMouse="true" frameStrata="HIGH">
							<Size><AbsDimension x="30" y="30"/></Size>
							<Scripts><OnEnter>NAT_show_listmenu(imark8, "star");</OnEnter></Scripts>
							<Anchors>
								<Anchor point="TOPLEFT">
									<Offset>
										<AbsDimension x="15" y="-315"/>
									</Offset>
								</Anchor>
							</Anchors>
							 <Layers>
								<Layer level="ARTWORK">
									<!-- Setup texture //-->
									<Texture name="skullTexture" file="Interface\TargetingFrame\UI-RaidTargetingIcons">
										<Size><AbsDimension x="30" y="30"/></Size>
										<Anchors>
											<Anchor point="CENTER">
												<Offset>
												<AbsDimension x="0" y="0"/>
												</Offset>
											</Anchor>
										</Anchors>
										<TexCoords left="0" right="0.25" top="0" bottom="0.25"/>
									</Texture>
								</Layer>
							</Layers>
						</Frame>
						
						<!-- MT //-->
						<Frame name='imark9' enableMouse="true" frameStrata="HIGH">
							<Size><AbsDimension x="60" y="30"/></Size>
							<Scripts><OnEnter>NAT_show_listmenu(imark9, mt_label:GetText());</OnEnter></Scripts>
							<Anchors>
								<Anchor point="TOPLEFT">
									<Offset>
										<AbsDimension x="0" y="-355"/>
									</Offset>
								</Anchor>
							</Anchors>
							 <Layers>
								<Layer level="ARTWORK">
									<!-- Setup label //-->
									<FontString name='mt_label' inherits="GameFontNormal" text="MT">
										<Size><AbsDimension x="80" y="30"/></Size>
										<FontHeight><AbsValue val="30" /></FontHeight>
										<Anchors>
											<Anchor point="CENTER">
												<Offset>
												<AbsDimension x="0" y="0"/>
												</Offset>
											</Anchor>
										</Anchors>
										<TexCoords left="0" right="0.25" top="0" bottom="0.25"/>
									</FontString>
								</Layer>
							</Layers>
						</Frame>
						<!--Tank assignment marks //-->
						<!--TANK POST LOCATION //-->
					<EditBox inherits="InputBoxTemplate" name="NATInterruptPostChannelEdit" frameStrata="HIGH">
						<Size><AbsDimension x="18" y="28"/></Size>
						<Anchors>
							<Anchor relativeTo="NAT" point="BOTTOMRIGHT">
								<Offset>
									<AbsDimension x="-75" y="20" />
								</Offset>
							</Anchor>
						</Anchors>
						<Scripts>
							<OnLoad>
								NATInterruptPostChannelEdit:SetText("r"); 
								NATInterruptPostChannelEdit:SetMaxLetters(1);
								NATInterruptPostChannelEdit:SetAutoFocus(false);
							</OnLoad>
							<OnEnter>NAT_on_post_enter(NATInterruptPostChannelEdit);</OnEnter>
							<OnTextChanged>NAT_on_post_text_changed(NATInterruptPostChannelEdit);</OnTextChanged>
							<OnLeave>NAT_on_post_exit(NATInterruptPostChannelEdit);</OnLeave>
						</Scripts>
					</EditBox>
					<!--TANK POST LOCATION //-->
					</Frames>
				</Frame>
			 
				<Button inherits="OptionsButtonTemplate" name="NATRequestMasterButton" text="Request Master">
					<Size><AbsDimension x="80" y="30"/></Size>
					<Anchors>
						<Anchor relativeTo="NAT" point="BOTTOM">
							<Offset>
								<AbsDimension x="-100" y="18" />
							</Offset>
						</Anchor>
						
					</Anchors>
					<Scripts>
						<OnClick>NAT_request_master();</OnClick>
					</Scripts>
				</Button>
			 
				<!-- Choose between tank/healing/interupt/misc assignments //-->
			   <Button name="NAT_mode_chooser" inherits="UIDropDownMenuTemplate" id='1'>
					<Size></Size>
					<Anchors>
							<Anchor point="BOTTOM">
								<Offset>
									<AbsDimension x="-58" y="15" />
								</Offset>
							</Anchor>
						</Anchors>
				   <Scripts>
					   <OnLoad>
							UIDropDownMenu_Initialize(NAT_mode_chooser, NAT_init_mode_picker);
							UIDropDownMenu_SetSelectedID(NAT_mode_chooser, 1);
					   </OnLoad>
				   </Scripts>
			   </Button>
			   <!-- Choose between tank/healing/interupt/misc assignments //-->
			   
			   <!-- Tank list menu //-->
			  <Frame name="NAT_tank_list" inherits="UIDropDownMenuTemplate" frameStrata="HIGH">
					<Anchors></Anchors>
			   </Frame>
			   <!-- Tank list menu //-->
			   
			    <!-- Healer list menu //-->
			  <Frame name="NAT_heal_list" inherits="UIDropDownMenuTemplate" frameStrata="HIGH">
					<Anchors></Anchors>
			   </Frame>
			   <!-- Healer list menu //-->
			   
			    <!-- Interrupt list menu //-->
			  <Frame name="NAT_interrupt_list" inherits="UIDropDownMenuTemplate" frameStrata="HIGH">
					<Anchors></Anchors>
			   </Frame>
			   <!-- Interrupt list menu //-->
			   
			    <!-- Misc list menu //-->
			  <Frame name="NAT_misc_list" inherits="UIDropDownMenuTemplate" frameStrata="HIGH">
					<Anchors></Anchors>
			   </Frame>
			   <!-- Misc list menu //-->
			   
			    <Button inherits="OptionsButtonTemplate" name="NATPostButton" text="Post">
					<Size><AbsDimension x="80" y="30"/></Size>
					<Anchors>
						<Anchor relativeTo="NAT" point="BOTTOM">
							<Offset>
								<AbsDimension x="110" y="18" />
							</Offset>
						</Anchor>
						
					</Anchors>
					<Scripts>
						<OnClick>NAT_post();</OnClick>
					</Scripts>
				</Button>
			   
			   <!-- Close button //-->
			    <Button inherits="OptionsButtonTemplate" name="NATCloseButton" text="X" frameStrata="HIGH">
					<Size><AbsDimension x="14" y="14"/></Size>
					<Anchors>
						<Anchor relativeTo="NAT" point="TOPRIGHT">
							<Offset>
								<AbsDimension x="-10" y="-12" />
							</Offset>
						</Anchor>
						
					</Anchors>
					<Scripts>
						<OnClick>NAT:Hide();</OnClick>
					</Scripts>
				</Button>
				<!-- Close button //-->
			</Frames>
			<!-- BUTTONS N SHIT //-->
			
	 </Frame>
</Ui>

